"","Naive CD4 T","Memory CD4 T","CD14 Mono","B","CD8 T","FCGR3A Mono","NK","DC","Platelet"
"Naive CD4 T",0,0.026683599509766,0.0149792875980995,0.0837791006234258,0.476719727558942,0.0807182728701635,0.0353290090952358,0.0559824539372158,0
"Memory CD4 T",0.104207275976773,0.20994202433925,0.214479957109544,0.208829655862879,0.753484493329814,0.287355817239052,0.21241795657517,0.191878782369052,0.142840529610259
"CD14 Mono",0.0138969850186071,0.119797609699319,0.061311987423469,0.0629023544841278,0.530031489648693,0.283115728446215,0.169060906729054,0.252110573255193,0.114415124940033
"B",0,0.0266311703784396,0.00505110211004112,0.0592917188838038,0.451442562831569,0.362086895053112,0.0382636555220663,0.386651797413247,0
"CD8 T",0,0.104222285838335,0.146421902920441,0.084569184343313,0.686759159883252,0.192688107447252,0.175817054386453,0.147110259396899,0.145646188747292
"FCGR3A Mono",0.0525111955137113,0.097575312446632,0.072393428580692,0.0989956036170181,0.577209005182806,0.303677164350407,0.155221290314149,0.256140166781392,0
"NK",0,0.139897952751541,0.200684885727194,0.0636824290996281,0.794252105340501,0.245128861017104,0.23386234447811,0.177278713559479,0.203004837025498
"DC",0.045879449496429,0.144215791776968,0.123216555385977,0.222007696838387,0.57812250889508,0.641101682321822,0.238819162758154,0.574866370124615,0.10033007451552
"Platelet",0.0374546418903284,0.17583952818686,0.238709483598687,0.119953315670864,0.734001021212181,0.226015924014022,0.260388712665935,0.255656834897106,0.2918343519487
