"cluster","cell_type","assigned_score"
"0","Naive CD4 T",2.12950188768672
"1","Memory CD4 T",1.77310382175624
"2","CD14 Mono",2.55230903000839
"3","B",2.35008643268669
"4","CD8 T",1.8984949082865
"5","FCGR3A Mono",2.37635834422344
"6","NK",2.60381469991891
"7","DC",2.43371313776478
"8","Platelet",2.66666447739358
