"","Naive CD4 T","Memory CD4 T","CD14 Mono","B","CD8 T","FCGR3A Mono","NK","DC","Platelet"
"0",2.12950188768672,0.747200787423573,-0.412133833881156,-0.417589926326587,-0.0735083920195063,-0.573619931463609,-0.409440414167394,-0.500188481189424,-0.333932100037864
"1",1.16992457832673,1.77310382175624,-0.416447283357555,-0.401007472531351,-0.223942351016404,-0.568295217560961,-0.398306654384703,-0.501900857206672,-0.333965604759768
"2",-0.529457395363213,-0.747990123093271,2.55230903000839,-0.184993859318855,-0.533177288994783,0.339245553573732,-0.402626294038647,0.0390625499295897,-0.330981783259639
"3",-0.286440689973703,-0.18266992050742,-0.414860377844432,2.35008643268669,-0.509552913384543,-0.555146231818545,-0.415179720874359,-0.101870393053379,-0.333985954323409
"4",-0.311192981002503,0.782652990651674,-0.414843381573218,-0.423950683128171,1.8984949082865,-0.523332272583612,0.137686918379745,-0.485231460490161,-0.333146505451488
"5",-0.555850810720315,-0.708089135658073,-0.193789912482162,-0.132136922044059,-0.52605469670551,2.37635834422344,-0.404893896542707,0.00595496576803224,-0.332647674699027
"6",-0.474449123249636,-0.308841509768379,-0.398149268912249,-0.403129696380966,0.422640827051577,0.000548728315335001,2.6038146999189,-0.480942742913364,-0.334421002636175
"7",-0.547382641451856,-0.65007969139332,0.0868072217404841,0.148344556062146,-0.510661868998088,-0.0548610151517507,-0.316058880166558,2.43371313776478,-0.333583852226207
"8",-0.594652824252226,-0.705287219411021,-0.388892193698102,-0.535622429018843,0.0557617757807573,-0.440897957534028,-0.394995758124283,-0.408596718609406,2.66666447739358
